Albania,Rinas Airport
Anguilla,Wallblake Airport
Antigua and Barbuda,VC Bird International Airport
Argentina,Ministro Pistarini International Airport
Aruba,Queen Beatrix International Airport
Australia,Adelaide International Airport
Australia,Brisbane International Airport
Australia,Cairns International Airport
Australia,Canberra Airport
Australia,Gold Coast Airport
Australia,Darwin International Airport
Australia,Hobart Airport
Australia,Launceston Airport
Australia,Melbourne International Airport
Australia,Perth International Airport
Australia,Kingsford Smith International Airport
Austria,Innsbruck Airport
Austria,Vienna International Airport
Azerbaijan,Baku Airport
Bahamas,Marsh Harbour Airport
Bahamas,Treasure Cay Airport
Bahamas,Andros Town International Airport
Bahamas,Bimini Island International Airport
Bahamas,New Bight Airport
Bahamas,North Eleuthera Airport
Bahamas,Freeport International Airport
Bahamas,Exuma International Airport
Bahamas,Nassau International Airport
Bahrain,Bahrain International Airport
Bangladesh,Zia International Airport
Barbados,Grantley Adams International Airport
Belgium,Brussels International Airport
Belgium,Charleroi Airport
Belize,Phillip S W Goldson Airport
Benin,Cadjehoun Airport
Bermuda,Bermuda International Airport
Bolivia,El Alto International Airport
Bolivia,Viru Viru International Airport
Brazil,Kubitschek International Airport
Brazil,Campo Grande International Airport
Brazil,Marechal Rondon International Airport
Brazil,Afonso Pena International Airport
Brazil,Hercillio Luz International Airport
Brazil,Pinto Martins International Airport
Brazil,Iguassa Falls Airport
Brazil,Londrina Airport
Brazil,Eduardo Gomes International Airport
Brazil,Navegantes-Itajai Airport
Brazil,Salgado Filho International Airport
Brazil,Guararapes International Airport
Brazil,Rio de Janeiro International Airport
Brazil,Salvador International Airport
Brazil,Congonhas International Airport
Brazil,Guarulhos International Airport
Burkina Faso,Ouagadougou Airport
Cameroon,Douala Airport
Cameroon,Nsimalen Airport
Canada,Calgary International Airport
Canada,Edmonton International Airport
Canada,Greater Fredericton Airport
Canada,Halifax International Airport
Canada,City of Kelowna Airport
Canada,London Airport
Canada,Moncton International Airport
Canada,Mirabel International Airport
Canada,Montreal Dorval Airport
Canada,Ottawa International Airport
Canada,Jean Lesage International Airport
Canada,Regina International Airport
Canada,St John's International Airport
Canada,Saskatoon International Airport
Canada,Sydney Airport
Canada,Thunder Bay International Airport
Canada,Lester B Pearson International Airport
Canada,Vancouver International Airport
Canada,Victoria International Airport
Canada,Winnipeg International Airport
Cape Verde,Amilcar Cabral International Airport
Cayman Islands,Owen Roberts International Airport
Chad,N'Djamena Airport
Chile,Cerro Moreno International Airport
Chile,Carriel Sur International Airport
Chile,Diego Aracena International Airport
Chile,Easter Island Airport
Chile,El Tepual International Airport
Chile,Punta Arenas International Airport
Chile,Benitez International Airport
China,Beijing Capital International Airport
China,Shuangliu Airport
China,Jiangbei Airport
China,Changle Airport
China,Baiyun Airport
China,Hong Kong International Airport
China,Pudong Airport
China,Hongqiao International Airport
China,Taoxian Airport
China,Huangtian Airport
China,Xianyang Airport
Colombia,Ernesto Cortissoz Airport
Colombia,Eldorado International Airport
Colombia,Aragon International Airport
Colombia,Rafael Nunez Airport
Colombia,Jose Maria Cordova International Airport
Colombia,Matecana International Airport
Congo,Maya-Maya Airport
Cook Islands,Rarotonga International Airport
Costa Rica,Daniel Oduber Quiros International Airport
Costa Rica,Juan Santa Maria International Airport
Croatia,Kastela Airport
Croatia,Pleso Airport
Cuba,Jose Marti International Airport
Cyprus,Larnaca International Airport
Czech Republic,Mosnov Airport
Czech Republic,Ruzyne International Airport
Denmark,Aalborg Airport
Denmark,Aarhus Airport
Denmark,Billund Airport
Denmark,Kastrup International Airport
Dominica,Melville Hall Airport
Dominican Republic,La Romana International Airport
Dominican Republic,La Union International Airport
Dominican Republic,Punta Cana International Airport
Dominican Republic,Cibao International Airport
Dominican Republic,Las Americas International Airport
Ecuador,Simon Bolivar International Airport
Ecuador,Mariscal Sucre International Airport
Egypt,Borg El Arab International Airport
Egypt,Cairo International Airport
El Salvador,Comalapa International Airport
Equatorial Guinea,Malabo Airport
Estonia,Ulemiste Airport
Ethiopia,Bole International Airport
Fiji,Nadi International Airport
Finland,Vantaa International Airport
France,Basle-Mulhouse Airport
France,Bayonne-Anglet Airport
France,Merignac Airport
France,Guipavas Airport
France,Aulnat Airport
France,St Geoirs Airport
France,Bellegarde Airport
France,Satolas Airport
France,Marseille/Provence Airport
France,Montpellier Airport
France,Nantes Airport
France,Cote d'Azur International Airport
France,Charles De Gaulle International Airport
France,Le Bourget Airport
France,Orly Airport
France,St Jacques Airport
France,Entzheim Airport
France,Blagnac Airport
French Polynesia,Papeete Faaa Airport
Gabon,Leon M'ba
Gambia,Banjul International Airport
Germany,Schonefeld Airport
Germany,Tegel Airport
Germany,Bremen Airport
Germany,Cologne-Bonn Airport
Germany,Duesseldorf International Airport
Germany,Frankfurt International Airport
Germany,Hamburg Airport
Germany,Hannover Airport
Germany,Franz Josef Strauss International Airport
Germany,Nuremberg Airport
Germany,Echterdingen International Airport
Ghana,Kotoka International Airport
Greece,Athens International Airport
Grenada,Point Salines International Airport
Guadeloupe,Le Raizet International Airport
Guam,Guam International Airport
Guatemala,Tikal International Airport
Guatemala,La Aurora International Airport
Guinea,Gbessia
Guyana,Cheddi Jagan International Airport
Haiti,Port-au-Prince International Airport
Honduras,Roatan Island Airport
Honduras,La Mesa International Airport
Honduras,Toncontin International Airport
Hungary,Ferihegy Airport
Iceland,Keflavik International Airport
India,Ahmedabad International Airport
India,Hindustan International Airport
India,Indira Gandhi International Airport
India,Chennai International Airport
India,Sahar International Airport
Indonesia,Bali International Airport
Indonesia,Soekarno-Hatta International Airport
Indonesia,Juanda Airport
Iran,Mehrabad International Airport
Ireland,Dublin International Airport
Ireland,Shannon International Airport
Israel,Ben Gurion International Airport
Italy,Falconara Airport
Italy,Palese Macchie Airport
Italy,Borgo Panigale Airport
Italy,Brindisi P Casale Airport
Italy,Fontanarossa Airport
Italy,Peretola Airport
Italy,Sestri Airport
Italy,Terme Airport
Italy,Linate Airport
Italy,Malpensa International Airport
Italy,Capodichino Airport
Italy,Punta Raisi Airport
Italy,San Giusto Airport
Italy,Reggio Calabria Airport
Italy,Ciampino Airport
Italy,Fiumicino Airport
Italy,Caselle Airport
Italy,Ronchi Dei Legionari Airport
Italy,Tessera Airport
Ivory Coast,Felix Houphouet-Boigny Airport
Jamaica,Norman Manley International Airport
Jamaica,Sangster International Airport
Japan,Akita Airport
Japan,Aomori Airport
Japan,Asahikawa Airport
Japan,Fukuoka Airport
Japan,Fukushima Airport
Japan,Hakodate Airport
Japan,Hiroshima Airport
Japan,Kagoshima Airport
Japan,Nagasaki Airport
Japan,Nagoya Airport
Japan,Niigata Airport
Japan,Oita Airport
Japan,Okayama Airport
Japan,Okinawa Kadena Airport
Japan,Osaka International Airport
Japan,Kansai International Airport
Japan,New Chitose Airport
Japan,Sendai Airport
Japan,Tokyo International Airport
Japan,Narita International Airport
Japan,Toyama Airport
Jordan,Marka International Airport
Jordan,Queen Alia International Airport
Kazahkstan,Almaty Airport
Kenya,Jomo Kenyatta Airport
Kuwait,Kuwait International Airport
Laos,Wattay International Airport
Latvia,Riga International Airport
Lebanon,Beirut International Airport
Luxembourg,Luxembourg Airport
Malaysia,Kuala Lumpur International Airport
Malaysia,Penang International Airport
Mali,Senou International Airport
Marshall Islands,Kwajalein International Airport
Marshall Islands,Marshall Islands International Airport
Mauritania,Nouakchott Airport
Mexico,Juan N Alvarez International Airport
Mexico,Jesus Teran International Airport
Mexico,Huatulco International Airport
Mexico,Los Cabos International Airport
Mexico,Cancun International Airport
Mexico,Chetumal International Airport
Mexico,General Fierro Villalobos Airport
Mexico,Ciudad del Carmen Airport
Mexico,Gonzalez International Airport
Mexico,Cozumel International Airport
Mexico,Culiacan International Airport
Mexico,Durango Airport
Mexico,Don Miguel Hidalgo International Airport
Mexico,Guerrero Negro Airport
Mexico,Garcia Airport
Mexico,Manuel de Leon Airport
Mexico,De Guanajuato International Airport
Mexico,Loreto International Airport
Mexico,Valle Del Fuerte International Airport
Mexico,Playa De Oro International Airport
Mexico,Mazatlan International Airport
Mexico,Licenciado Manuel International Airport
Mexico,Toboada International Airport
Mexico,Benito Juarez International Airport
Mexico,Minitatlan Airport
Mexico,Monclova International Airport
Mexico,Monterrey International Airport
Mexico,Del Norte International Airport
Mexico,Mujica International Airport
Mexico,Xoxocotlan International Airport
Mexico,Hermanos Serdan International Airport
Mexico,Puerto Escondido Airport
Mexico,Lic Gustavo Diaz Ordaz International Air
Mexico,Ingeniero International Airport
Mexico,Plan De Guadalupe International Airport
Mexico,Ponciano Arriaga International Airport
Mexico,Tampico Airport
Mexico,Tapachula International Airport
Mexico,Rodriguez International Airport
Mexico,Toluca International Airport
Mexico,Torreon International Airport
Mexico,Francisco Sarabia Airport
Mexico,Veracruz International Airport
Mexico,Carlos Rovirosa International Airport
Mexico,Ruiz International Airport
Mexico,Ixtapa-Zihuatanejo International Airport
Micronesia,Babelthuap/Koror Airport
Micronesia,Kosrae Island Airport
Micronesia,Pohnpei International Airport
Micronesia,Truk Airport
Micronesia,Yap International Airport
Morocco,Al-Massira Airport
Morocco,Mohammed V International Airport
Morocco,Menara Airport
Morocco,Sale Airport
Morocco,Ibn Batouta Airport
Namibia,Hosea Kutako International Airport
Netherlands,Schipol Airport
Netherlands,Maastricht-Aachen Airport
Netherlands Antilles,Flamingo Airport
Netherlands Antilles,Hato International Airport
Netherlands Antilles,Princess Juliana International Airport
New Zealand,Auckland International Airport
New Zealand,Christchurch International Airport
New Zealand,Dunedin Airport
New Zealand,Queenstown Airport
New Zealand,Wellington International Airport
Nicaragua,Managua International Airport
Niger,Diori Hamani Airport
Nigeria,Nnamdi Azikiwe Airport
Nigeria,Mallam Aminu Kano Airport
Nigeria,Lagos International Airport
Nigeria,Port Harcourt Airport
Northern Marianas,Rota Island International Airport
Northern Marianas,Saipan International Airport
Norway,Flesland Airport
Norway,Oslo Airport, Gardermoen
Norway,Sola Airport
Norway,Sandefjord Airport
Norway,Trondheim Airport
Oman,Seeb International Airport
Pakistan,Islamabad International Airport
Pakistan,Quaid-E-Azam International Airport
Pakistan,Lahore International Airport
Panama,Panama City Airport
Panama,Tocumen International Airport
Peru,Jorge Chavez International Airport
Philippines,Ninoy Aquino International Airport
Poland,John Paul II Balice International Airport
Poland,Okecie International Airport
Portugal,Lisbon International Airport
Portugal,Francisco Sa Carneiro Airport
Puerto Rico,Rafael Hernandez Airport
Puerto Rico,Eugenio Maria De Hostos Airport
Puerto Rico,Mercedita Airport
Puerto Rico,Luiz Munoz Marin International Airport
Puerto Rico,Antonio Rivera Rodriguez Airport
Qatar,Doha International Airport
Romania,Otopeni International Airport
Romania,Satu Mare International Airport
Romania,Timisoara Airport
Russia,Domodedovo Airport
Russia,Sheremetyevo International Airport
Russia,Pulkovo International Airport
Saint Kitts and Nevis,Newcastle Airport
Saint Kitts and Nevis,Robert Bradshaw International Airport
Saint Lucia,Vigie Airport
Saint Lucia,Hewanorra International Airport
Saint Vincent,Canouan Island Airport
Saudi Arabia,King Fahad International Airport
Saudi Arabia,King Abdulaziz International Airport
Saudi Arabia,King Khaled International Airport
Senegal,Dakar - Yoff International Airport
Serbia,Belgrade Airport
Singapore,Changi International Airport
Slovakia,M R Stefanik Airport
Slovakia,Kosice Airport
South Africa,Capetown International Airport
South Africa,Durban International Airport
South Africa,East London Airport
South Africa,George Airport
South Africa,Johannesburg International Airport
South Africa,Port Elizabeth Airport
South Korea,Kimhae International Airport
South Korea,Gimpo Airport
South Korea,Incheon International Airport
Spain,Alicante
Spain,Barcelona Airport
Spain,Bilbao Airport
Spain,La Palma Airport
Spain,Barajas International Airport
Spain,Torrejon Airport
Spain,Malaga International Airport
Spain,Palma De Mallorca Airport
Spain,Los Rodeos Airport
Sweden,Landvetter Airport
Sweden,Arlanda International Airport
Switzerland,Basel International Airport
Switzerland,Cointrin International Airport
Switzerland,Zurich International Airport
Syria,Aleppo International Airport
Syria,Damascus International Airport
Taiwan,Kaohsiung International Airport
Taiwan,Chiang Kai-Shek International Airport
Tanzania,Dar-Es-Salaam International Airport
Tanzania,Kilimanjaro International Airport
Thailand,Don Muang International Airport
Togo,Tokoin Airport
Trinidad and Tobago,Piarco International Airport
Tunisia,Carthage Airport
Turkey,Ataturk International Airport
Turks and Caicos,Providenciales International Airport
Uganda,Entebbe International Airport
UK Virgin Islands,Beef Island International Airport
Ukraine,Zhulyany International Airport
Ukraine,Borispol Airport
United Arab Emirates,Abu Dhabi International Airport
United Arab Emirates,Dubai International Airport
United Kingdom,Dyce Airport
United Kingdom,Belfast International Airport
United Kingdom,Belfast City Airport
United Kingdom,Birmingham International Airport
United Kingdom,Bristol Airport
United Kingdom,Cardiff Airport
United Kingdom,Edinburgh Airport
United Kingdom,Glasgow International Airport
United Kingdom,Guernsey Airport
United Kingdom,Humberside Airport
United Kingdom,Inverness Airport
United Kingdom,Jersey Airport
United Kingdom,Leeds Bradford Airport
United Kingdom,London City Airport
United Kingdom,London Gatwick Airport
United Kingdom,London Heathrow Airport
United Kingdom,Stansted Airport
United Kingdom,Manchester International Airport
United Kingdom,Newcastle Airport
United Kingdom,Norwich Airport
United Kingdom,Southampton International Airport
United Kingdom,Durham Tees Valley Airport
Uruguay,Carrasco International Airport
US Virgin Islands,Henry E Rohlsen Airport
US Virgin Islands,Cyril E King International Airport
Uzbekistan,Vostochny International Airport
Venezuela,Simon Bolivar International Airport
Venezuela,La Chinita International Airport
Vietnam,Noibai International Airport
Vietnam,Tansonnhat Airport
Western Samoa,Faleolo International Airport
Zambia,Lusaka International Airport
